neighbourhood_group,neighbourhood,room_type,average_price,listings_count,average_minimum_nights,total_number_of_reviews,average_reviews_per_month
Bronx,Allerton,Entire home/apt,124.6,15,2.2666666666666666,864,2.3453333333333335
Bronx,Allerton,Private room,67.4090909090909,22,2.272727272727273,939,1.4854545454545454
Bronx,Baychester,Entire home/apt,90.33333333333333,3,3.0,286,3.686666666666667
Bronx,Baychester,Private room,65.66666666666667,3,2.3333333333333335,24,0.7266666666666666
Bronx,Belmont,Entire home/apt,228.66666666666666,3,1.6666666666666667,96,2.7133333333333334
Bronx,Belmont,Private room,53.375,16,2.25,198,1.7925
Bronx,Belmont,Shared room,49.0,1,1.0,2,0.94
Bronx,Bronxdale,Entire home/apt,73.0,5,3.0,71,2.136
Bronx,Bronxdale,Private room,40.8,10,2.4,383,1.599
Bronx,Bronxdale,Shared room,57.0,1,1.0,4,4.0
Bronx,Castle Hill,Entire home/apt,74.0,2,2.5,118,2.775
Bronx,City Island,Entire home/apt,109.77777777777777,9,2.111111111111111,625,2.4766666666666666
Bronx,City Island,Private room,71.0,6,1.5,134,1.4083333333333332
Bronx,Claremont Village,Entire home/apt,95.66666666666667,6,21.666666666666668,116,1.4183333333333332
Bronx,Claremont Village,Private room,52.9,10,3.6,234,2.226
Bronx,Clason Point,Entire home/apt,142.14285714285714,7,1.8571428571428572,220,2.531428571428571
Bronx,Clason Point,Private room,82.66666666666667,9,2.3333333333333335,63,1.018888888888889
Bronx,Clason Point,Shared room,42.5,2,1.0,33,0.98
Bronx,Co-op City,Private room,77.5,2,2.5,34,0.245
Bronx,Concourse,Entire home/apt,112.125,16,4.0,841,2.450625
Bronx,Concourse,Private room,56.08,25,1.92,802,1.3756
Bronx,Concourse Village,Entire home/apt,107.42857142857143,7,7.571428571428571,234,1.522857142857143
Bronx,Concourse Village,Private room,59.0,16,2.3125,571,1.428125
Bronx,Concourse Village,Shared room,60.0,1,1.0,2,0.09
Bronx,East Morrisania,Entire home/apt,126.66666666666667,3,1.0,190,3.186666666666666
Bronx,East Morrisania,Private room,78.33333333333333,6,1.5,235,2.3433333333333333
Bronx,Eastchester,Entire home/apt,184.8,5,1.6,72,0.446
Bronx,Eastchester,Private room,70.0,4,2.0,84,0.49
Bronx,Eastchester,Shared room,45.0,1,1.0,1,0.37
Bronx,Edenwald,Entire home/apt,82.2,5,2.4,154,2.758
Bronx,Edenwald,Private room,87.5,4,2.0,46,0.7775000000000001
Bronx,Fieldston,Entire home/apt,99.75,4,5.75,37,0.53
Bronx,Fieldston,Private room,64.57142857142857,7,1.8571428571428572,101,1.11
Bronx,Fieldston,Shared room,50.0,1,1.0,8,1.26
Bronx,Fordham,Entire home/apt,101.44444444444444,9,5.111111111111111,121,2.6055555555555556
Bronx,Fordham,Private room,53.48571428571429,35,3.3142857142857145,821,1.3571428571428572
Bronx,Fordham,Shared room,44.0,3,3.0,14,0.43333333333333335
Bronx,Highbridge,Entire home/apt,113.6,5,3.2,158,2.09
Bronx,Highbridge,Private room,60.666666666666664,18,2.1666666666666665,1160,2.121111111111111
Bronx,Hunts Point,Entire home/apt,150.0,1,2.0,5,0.57
Bronx,Hunts Point,Private room,45.266666666666666,15,14.866666666666667,171,1.308
Bronx,Kingsbridge,Entire home/apt,131.875,16,5.5,462,1.526875
Bronx,Kingsbridge,Private room,56.74285714285714,35,4.628571428571429,953,1.7694285714285714
Bronx,Kingsbridge,Shared room,42.333333333333336,3,1.6666666666666667,20,0.54
Bronx,Longwood,Entire home/apt,97.13333333333334,15,2.533333333333333,717,2.5846666666666662
Bronx,Longwood,Private room,63.875,32,2.0625,936,1.548125
Bronx,Melrose,Entire home/apt,97.0,4,3.5,83,1.9125
Bronx,Melrose,Private room,63.666666666666664,3,1.6666666666666667,7,1.0366666666666668
Bronx,Morris Heights,Entire home/apt,113.66666666666667,3,1.3333333333333333,22,2.0366666666666666
Bronx,Morris Heights,Private room,49.0,8,2.125,434,1.97
Bronx,Morris Heights,Shared room,20.0,1,1.0,9,0.53
Bronx,Morris Park,Entire home/apt,125.0,3,1.3333333333333333,115,3.26
Bronx,Morris Park,Private room,57.888888888888886,9,3.2222222222222223,154,0.9566666666666666
Bronx,Morris Park,Shared room,40.0,1,1.0,2,0.23
Bronx,Morrisania,Entire home/apt,145.0,2,1.5,29,1.71
Bronx,Morrisania,Private room,47.6,5,2.6,157,2.072
Bronx,Mott Haven,Entire home/apt,111.43478260869566,23,2.391304347826087,970,2.4869565217391307
Bronx,Mott Haven,Private room,57.166666666666664,30,1.9333333333333333,1572,2.379
Bronx,Mount Eden,Entire home/apt,150.0,1,1.0,4,0.28
Bronx,Mount Eden,Private room,38.25,4,2.0,416,2.16
Bronx,Mount Hope,Entire home/apt,107.9,10,8.2,293,1.307
Bronx,Mount Hope,Private room,45.75,8,3.375,142,1.17125
Bronx,North Riverdale,Entire home/apt,105.0,1,2.0,27,2.13
Bronx,North Riverdale,Private room,50.0,5,1.4,155,1.084
Bronx,Norwood,Entire home/apt,116.6,5,4.0,43,1.6600000000000001
Bronx,Norwood,Private room,56.611111111111114,18,4.166666666666667,468,1.0294444444444446
Bronx,Norwood,Shared room,33.0,1,2.0,8,0.71
Bronx,Olinville,Private room,80.0,1,2.0,20,2.2
Bronx,Olinville,Shared room,26.0,1,1.0,10,0.67
Bronx,Parkchester,Entire home/apt,109.28571428571429,7,2.857142857142857,174,1.4428571428571428
Bronx,Parkchester,Private room,58.5,22,1.8181818181818181,706,1.7236363636363636
Bronx,Parkchester,Shared room,47.333333333333336,3,2.0,31,0.47666666666666674
Bronx,Pelham Bay,Entire home/apt,121.45454545454545,11,2.8181818181818183,301,1.910909090909091
Bronx,Pelham Bay,Private room,69.5,2,2.5,141,2.5549999999999997
Bronx,Pelham Gardens,Entire home/apt,112.29411764705883,17,2.235294117647059,733,2.7970588235294116
Bronx,Pelham Gardens,Private room,39.625,8,3.75,407,1.7750000000000001
Bronx,Port Morris,Entire home/apt,123.0,11,5.454545454545454,354,1.9627272727272727
Bronx,Port Morris,Private room,64.0,12,4.0,443,1.1425
Bronx,Port Morris,Shared room,37.13333333333333,15,1.0666666666666667,151,2.277333333333333
Bronx,Riverdale,Entire home/apt,168.5,4,3.75,88,1.2
Bronx,Riverdale,Private room,57.0,2,3.5,204,2.1999999999999997
Bronx,Riverdale,Shared room,800.0,1,2.0,1,0.04
Bronx,Schuylerville,Entire home/apt,85.33333333333333,3,2.3333333333333335,141,2.75
Bronx,Schuylerville,Private room,69.33333333333333,9,2.2222222222222223,166,3.19
Bronx,Schuylerville,Shared room,20.0,1,1.0,116,4.09
Bronx,Soundview,Entire home/apt,75.0,4,1.5,180,3.755
Bronx,Soundview,Private room,43.0,9,2.0,261,1.6144444444444443
Bronx,Spuyten Duyvil,Entire home/apt,186.33333333333334,3,11.666666666666666,62,0.6366666666666666
Bronx,Spuyten Duyvil,Private room,60.0,1,3.0,8,1.11
Bronx,Throgs Neck,Entire home/apt,131.33333333333334,9,2.0,595,3.123333333333333
Bronx,Throgs Neck,Private room,66.91666666666667,12,1.75,174,1.92
Bronx,Tremont,Entire home/apt,95.0,2,1.5,60,2.1350000000000002
Bronx,Tremont,Private room,39.0,6,3.1666666666666665,155,0.8383333333333334
Bronx,Tremont,Shared room,37.5,2,1.5,12,1.57
Bronx,Unionport,Entire home/apt,183.75,4,2.0,103,3.6325000000000003
Bronx,Unionport,Private room,75.0,1,1.0,1,0.68
Bronx,University Heights,Entire home/apt,141.66666666666666,3,2.6666666666666665,75,1.3166666666666667
Bronx,University Heights,Private room,51.857142857142854,14,2.357142857142857,704,1.3821428571428573
Bronx,Van Nest,Entire home/apt,119.0,3,1.3333333333333333,174,3.653333333333333
Bronx,Van Nest,Private room,36.666666666666664,3,11.333333333333334,26,1.8399999999999999
Bronx,Van Nest,Shared room,20.0,3,11.333333333333334,6,0.49333333333333335
Bronx,Wakefield,Entire home/apt,120.57142857142857,14,7.357142857142857,437,1.787857142857143
Bronx,Wakefield,Private room,52.44444444444444,27,1.8518518518518519,842,2.5433333333333334
Bronx,West Farms,Entire home/apt,165.0,1,2.0,4,0.63
Bronx,West Farms,Private room,79.0,1,1.0,3,0.16
Bronx,Westchester Square,Entire home/apt,221.75,4,1.5,109,2.2
Bronx,Westchester Square,Private room,52.0,5,2.4,46,1.146
Bronx,Williamsbridge,Entire home/apt,156.05882352941177,17,2.1176470588235294,805,3.101176470588235
Bronx,Williamsbridge,Private room,52.76470588235294,17,6.0588235294117645,333,1.1552941176470588
Bronx,Woodlawn,Entire home/apt,65.5,4,1.5,259,2.5075
Bronx,Woodlawn,Private room,54.833333333333336,6,1.3333333333333333,223,2.6633333333333336
Bronx,Woodlawn,Shared room,70.0,1,2.0,2,0.11
Brooklyn,Bath Beach,Entire home/apt,118.14285714285714,7,2.0,206,1.7985714285714285
Brooklyn,Bath Beach,Private room,55.625,8,3.125,157,1.4475
Brooklyn,Bay Ridge,Entire home/apt,137.4,55,5.290909090909091,1735,1.8449090909090908
Brooklyn,Bay Ridge,Private room,77.12727272727273,55,7.036363636363636,877,1.3841818181818182
Brooklyn,Bay Ridge,Shared room,63.8,5,7.8,6,0.586
Brooklyn,Bedford-Stuyvesant,Entire home/apt,152.19749652294854,1438,4.666898470097357,64795,1.7023922114047287
Brooklyn,Bedford-Stuyvesant,Private room,68.27457002457002,1628,4.8384520884520885,43681,1.425
Brooklyn,Bedford-Stuyvesant,Shared room,39.521126760563384,71,4.591549295774648,1592,1.317323943661972
Brooklyn,Bensonhurst,Entire home/apt,103.32,25,5.6,1222,2.0316
Brooklyn,Bensonhurst,Private room,58.51428571428571,35,3.057142857142857,608,1.2962857142857143
Brooklyn,Bensonhurst,Shared room,79.0,1,1.0,15,0.43
Brooklyn,Bergen Beach,Entire home/apt,108.71428571428571,7,3.2857142857142856,175,1.9700000000000002
Brooklyn,Bergen Beach,Private room,85.0,1,3.0,30,1.15
Brooklyn,Boerum Hill,Entire home/apt,189.24786324786325,117,7.6239316239316235,2667,0.8288888888888889
Brooklyn,Boerum Hill,Private room,83.96666666666667,30,2.8,1628,1.699
Brooklyn,Borough Park,Entire home/apt,111.58333333333333,24,4.791666666666667,511,1.2966666666666666
Brooklyn,Borough Park,Private room,53.21052631578947,76,2.026315789473684,1605,1.3703947368421054
Brooklyn,Borough Park,Shared room,36.2,10,5.8,116,0.826
Brooklyn,Brighton Beach,Entire home/apt,118.3076923076923,26,4.961538461538462,724,1.698846153846154
Brooklyn,Brighton Beach,Private room,63.2962962962963,27,2.5185185185185186,573,1.9744444444444444
Brooklyn,Brighton Beach,Shared room,60.833333333333336,6,1.3333333333333333,50,0.5716666666666667
Brooklyn,Brooklyn Heights,Entire home/apt,221.95098039215685,102,5.029411764705882,1822,0.6950980392156864
Brooklyn,Brooklyn Heights,Private room,109.27272727272727,22,3.1818181818181817,733,1.7995454545454548
Brooklyn,Brownsville,Entire home/apt,120.3125,16,3.3125,620,2.0475
Brooklyn,Brownsville,Private room,57.7,40,2.5,1292,1.4695
Brooklyn,Bushwick,Entire home/apt,141.50963222416812,571,4.732049036777584,20563,1.6066374781085815
Brooklyn,Bushwick,Private room,62.47230538922156,1336,4.099550898203593,31056,1.248630239520958
Brooklyn,Bushwick,Shared room,35.38235294117647,34,10.235294117647058,872,1.3491176470588235
Brooklyn,Canarsie,Entire home/apt,120.56521739130434,69,2.2318840579710146,3773,2.955072463768116
Brooklyn,Canarsie,Private room,71.27692307692308,65,2.246153846153846,1561,1.3193846153846154
Brooklyn,Canarsie,Shared room,40.0,1,2.0,4,0.13
Brooklyn,Carroll Gardens,Entire home/apt,202.78205128205127,156,4.564102564102564,5011,1.0342307692307693
Brooklyn,Carroll Gardens,Private room,90.19047619047619,42,2.642857142857143,886,1.244047619047619
Brooklyn,Clinton Hill,Entire home/apt,230.46127946127947,297,4.946127946127946,8998,1.0270707070707072
Brooklyn,Clinton Hill,Private room,89.53107344632768,177,5.406779661016949,5357,0.8314689265536722
Brooklyn,Clinton Hill,Shared room,43.666666666666664,6,2.3333333333333335,231,2.465
Brooklyn,Cobble Hill,Entire home/apt,222.59420289855072,69,6.579710144927536,2071,1.1647826086956523
Brooklyn,Cobble Hill,Private room,87.52631578947368,19,3.5789473684210527,817,1.3505263157894738
Brooklyn,Columbia St,Entire home/apt,149.17857142857142,28,6.071428571428571,434,0.9582142857142857
Brooklyn,Columbia St,Private room,71.14285714285714,7,3.2857142857142856,251,1.2128571428571429
Brooklyn,Coney Island,Entire home/apt,159.375,8,2.25,250,1.2137499999999999
Brooklyn,Coney Island,Private room,160.0,3,1.0,118,1.5066666666666666
Brooklyn,Coney Island,Shared room,32.25,4,7.0,5,0.51
Brooklyn,Crown Heights,Entire home/apt,154.75497702909647,653,4.908116385911179,20220,1.3358039816232772
Brooklyn,Crown Heights,Private room,66.20770519262982,597,4.316582914572864,15884,1.131139028475712
Brooklyn,Crown Heights,Shared room,42.13333333333333,15,4.066666666666666,304,0.8833333333333333
Brooklyn,Cypress Hills,Entire home/apt,242.2941176470588,51,3.392156862745098,2468,2.5288235294117647
Brooklyn,Cypress Hills,Private room,56.28358208955224,67,7.029850746268656,1747,1.593731343283582
Brooklyn,Cypress Hills,Shared room,34.714285714285715,7,1.7142857142857142,267,2.111428571428571
Brooklyn,DUMBO,Entire home/apt,206.5,14,3.357142857142857,654,1.1292857142857142
Brooklyn,DUMBO,Private room,139.0,10,4.9,728,1.7239999999999998
Brooklyn,Downtown Brooklyn,Entire home/apt,180.55263157894737,38,5.684210526315789,821,0.8152631578947368
Brooklyn,Downtown Brooklyn,Private room,95.73684210526316,19,5.578947368421052,367,1.2284210526315789
Brooklyn,Dyker Heights,Entire home/apt,121.5,6,2.3333333333333335,273,1.955
Brooklyn,Dyker Heights,Private room,69.5,4,2.5,141,1.595
Brooklyn,Dyker Heights,Shared room,39.0,1,5.0,1,0.77
Brooklyn,East Flatbush,Entire home/apt,129.52631578947367,171,3.7017543859649122,7648,2.1843859649122805
Brooklyn,East Flatbush,Private room,94.81589958158996,239,5.192468619246862,4708,1.4553556485355648
Brooklyn,East Flatbush,Shared room,45.05555555555556,18,20.77777777777778,92,0.31833333333333336
Brooklyn,East New York,Entire home/apt,117.98863636363636,88,3.965909090909091,4349,2.653181818181818
Brooklyn,East New York,Private room,60.336633663366335,101,3.9603960396039604,2368,1.4344554455445544
Brooklyn,East New York,Shared room,87.66666666666667,3,1.3333333333333333,42,0.9866666666666667
Brooklyn,Flatbush,Entire home/apt,128.54090909090908,220,4.677272727272728,5673,1.1189090909090909
Brooklyn,Flatbush,Private room,68.26538461538462,260,3.55,6786,1.1125384615384615
Brooklyn,Flatbush,Shared room,57.11764705882353,17,2.5294117647058822,328,0.9788235294117648
Brooklyn,Flatlands,Entire home/apt,131.96296296296296,27,3.5555555555555554,964,1.977037037037037
Brooklyn,Flatlands,Private room,75.76315789473684,38,2.0,855,1.3576315789473683
Brooklyn,Flatlands,Shared room,22.0,1,1.0,20,1.28
Brooklyn,Fort Greene,Entire home/apt,188.87360594795538,269,5.862453531598513,6684,0.9093308550185873
Brooklyn,Fort Greene,Private room,84.9047619047619,126,5.674603174603175,3889,1.2257936507936507
Brooklyn,Fort Greene,Shared room,34.333333333333336,6,1.6666666666666667,35,1.3566666666666667
Brooklyn,Fort Hamilton,Entire home/apt,116.77777777777777,27,6.333333333333333,481,0.8411111111111111
Brooklyn,Fort Hamilton,Private room,66.75,16,2.5625,239,0.84375
Brooklyn,Fort Hamilton,Shared room,30.0,2,1.0,25,0.89
Brooklyn,Gowanus,Entire home/apt,199.425,120,6.483333333333333,4555,1.29825
Brooklyn,Gowanus,Private room,95.66279069767442,86,3.046511627906977,2990,1.533139534883721
Brooklyn,Gowanus,Shared room,40.5,2,1.5,164,1.21
Brooklyn,Gravesend,Entire home/apt,110.5625,16,6.375,615,2.11
Brooklyn,Gravesend,Private room,57.94736842105263,19,3.4210526315789473,587,1.085263157894737
Brooklyn,Gravesend,Shared room,34.625,8,5.75,134,0.855
Brooklyn,Greenpoint,Entire home/apt,187.76458752515092,497,7.410462776659959,11719,0.9189537223340041
Brooklyn,Greenpoint,Private room,87.24722222222222,360,4.216666666666667,7615,0.8973888888888889
Brooklyn,Greenpoint,Shared room,60.3,10,13.2,83,0.453
Brooklyn,Kensington,Entire home/apt,136.3859649122807,57,4.421052631578948,863,0.7128070175438597
Brooklyn,Kensington,Private room,55.160493827160494,81,5.061728395061729,2106,1.285925925925926
Brooklyn,Kensington,Shared room,52.5,2,2.5,3,0.345
Brooklyn,Manhattan Beach,Entire home/apt,115.8,5,8.2,266,1.4739999999999998
Brooklyn,Manhattan Beach,Private room,85.0,2,3.0,139,1.45
Brooklyn,Midwood,Entire home/apt,97.08108108108108,37,3.081081081081081,755,1.041081081081081
Brooklyn,Midwood,Private room,62.64102564102564,39,3.4871794871794872,868,0.8817948717948718
Brooklyn,Midwood,Shared room,34.4,5,3.6,32,0.558
Brooklyn,Mill Basin,Entire home/apt,179.75,4,2.25,69,2.1275
Brooklyn,Navy Yard,Entire home/apt,165.375,8,3.75,152,0.57
Brooklyn,Navy Yard,Private room,125.0,4,2.5,99,1.4400000000000002
Brooklyn,Park Slope,Entire home/apt,196.92156862745097,306,6.2745098039215685,9583,1.0297712418300653
Brooklyn,Park Slope,Private room,90.3495145631068,103,4.048543689320389,5009,1.1429126213592233
Brooklyn,Park Slope,Shared room,78.0,1,1.0,46,1.38
Brooklyn,Prospect Heights,Entire home/apt,187.1851851851852,189,6.407407407407407,4342,0.8047089947089947
Brooklyn,Prospect Heights,Private room,87.1864406779661,118,2.983050847457627,6533,1.578728813559322
Brooklyn,Prospect-Lefferts Gardens,Entire home/apt,142.83739837398375,246,4.808943089430894,6866,1.220081300813008
Brooklyn,Prospect-Lefferts Gardens,Private room,64.3265306122449,196,4.285714285714286,7157,1.5335714285714286
Brooklyn,Prospect-Lefferts Gardens,Shared room,39.57142857142857,7,2.0,28,0.40857142857142864
Brooklyn,Red Hook,Entire home/apt,177.0,42,3.642857142857143,1503,1.3888095238095237
Brooklyn,Red Hook,Private room,68.72727272727273,22,3.772727272727273,758,1.529090909090909
Brooklyn,Red Hook,Shared room,34.0,2,1.0,2,0.525
Brooklyn,Sea Gate,Entire home/apt,611.0,3,4.333333333333333,8,0.42333333333333334
Brooklyn,Sea Gate,Private room,97.0,1,1.0,2,0.05
Brooklyn,Sheepshead Bay,Entire home/apt,176.85714285714286,49,4.428571428571429,1462,1.8822448979591837
Brooklyn,Sheepshead Bay,Private room,58.58064516129032,62,2.5,1173,1.7070967741935485
Brooklyn,Sheepshead Bay,Shared room,37.333333333333336,15,2.533333333333333,627,1.5613333333333335
Brooklyn,South Slope,Entire home/apt,172.906432748538,171,4.883040935672515,7264,1.2693567251461988
Brooklyn,South Slope,Private room,84.31506849315069,73,3.8219178082191783,3140,1.1587671232876713
Brooklyn,South Slope,Shared room,55.0,1,2.0,1,0.06
Brooklyn,Sunset Park,Entire home/apt,156.06451612903226,155,5.935483870967742,4429,1.338774193548387
Brooklyn,Sunset Park,Private room,68.0886075949367,158,3.5126582278481013,3422,1.1646202531645569
Brooklyn,Sunset Park,Shared room,48.4,5,1.2,31,1.202
Brooklyn,Vinegar Hill,Entire home/apt,211.7058823529412,17,10.235294117647058,336,0.648235294117647
Brooklyn,Vinegar Hill,Private room,80.125,8,2.625,172,1.1825
Brooklyn,Vinegar Hill,Shared room,250.0,1,2.0,37,1.09
Brooklyn,Williamsburg,Entire home/apt,197.26339285714286,1568,5.205357142857143,43572,1.0879910714285714
Brooklyn,Williamsburg,Private room,83.48061029879212,1573,4.185632549268913,41259,1.1120915448188176
Brooklyn,Williamsburg,Shared room,76.33333333333333,21,3.4285714285714284,593,0.968095238095238
Brooklyn,Windsor Terrace,Entire home/apt,153.32978723404256,94,5.925531914893617,2954,1.165531914893617
Brooklyn,Windsor Terrace,Private room,68.08823529411765,34,4.088235294117647,1370,1.3308823529411764
Manhattan,Battery Park City,Entire home/apt,226.56521739130434,23,12.347826086956522,220,0.5843478260869565
Manhattan,Battery Park City,Private room,107.75,12,1.75,155,0.6533333333333334
Manhattan,Battery Park City,Shared room,55.0,1,1.0,205,3.04
Manhattan,Chelsea,Entire home/apt,259.2981878088962,607,6.976935749588138,14043,1.0903459637561779
Manhattan,Chelsea,Private room,120.09302325581395,215,3.646511627906977,9296,1.7013953488372093
Manhattan,Chelsea,Shared room,71.66666666666667,6,1.6666666666666667,302,1.875
Manhattan,Chinatown,Entire home/apt,205.6120218579235,183,5.8469945355191255,5234,1.2472677595628416
Manhattan,Chinatown,Private room,94.08823529411765,136,4.367647058823529,4612,1.4919117647058824
Manhattan,Chinatown,Shared room,61.5,2,1.0,95,4.18
Manhattan,Civic Center,Entire home/apt,206.21052631578948,19,5.315789473684211,540,0.9063157894736842
Manhattan,Civic Center,Private room,107.0,11,4.636363636363637,97,0.5499999999999999
Manhattan,East Harlem,Entire home/apt,191.57177033492823,418,4.590909090909091,14105,1.5590909090909093
Manhattan,East Harlem,Private room,88.37809917355372,484,4.016528925619835,20913,1.715103305785124
Manhattan,East Harlem,Shared room,58.73809523809524,42,2.1904761904761907,1428,2.3154761904761907
Manhattan,East Village,Entire home/apt,213.79495268138803,951,5.252365930599369,26694,1.1019348054679285
Manhattan,East Village,Private room,106.54961832061069,524,3.7729007633587788,17537,1.1488740458015267
Manhattan,East Village,Shared room,86.06666666666666,15,4.466666666666667,439,1.23
Manhattan,Financial District,Entire home/apt,246.04145077720207,386,6.898963730569948,4910,1.6497150259067357
Manhattan,Financial District,Private room,133.9075630252101,119,4.621848739495798,1999,0.9473949579831933
Manhattan,Financial District,Shared room,109.25,4,1.25,22,0.6275
Manhattan,Flatiron District,Entire home/apt,323.2340425531915,47,5.659574468085107,1269,1.27
Manhattan,Flatiron District,Private room,155.8181818181818,11,4.0,150,1.170909090909091
Manhattan,Gramercy,Entire home/apt,241.0421052631579,190,7.868421052631579,5057,1.0829473684210527
Manhattan,Gramercy,Private room,114.71014492753623,69,3.0869565217391304,2488,1.1830434782608694
Manhattan,Gramercy,Shared room,63.25,4,1.75,137,1.8475000000000001
Manhattan,Greenwich Village,Entire home/apt,279.6521739130435,230,6.178260869565217,4689,0.9410434782608695
Manhattan,Greenwich Village,Private room,118.6842105263158,76,5.657894736842105,1836,0.8657894736842104
Manhattan,Greenwich Village,Shared room,56.0,1,31.0,1,0.05
Manhattan,Harlem,Entire home/apt,173.34584755403867,879,5.463026166097839,30870,1.275164960182025
Manhattan,Harlem,Private room,80.04179566563468,1292,4.435758513931889,43790,1.3792647058823528
Manhattan,Harlem,Shared room,72.11428571428571,35,1.8857142857142857,1302,1.5242857142857142
Manhattan,Hell's Kitchen,Entire home/apt,233.32844243792326,886,8.55530474040632,21577,1.6192550790067721
Manhattan,Hell's Kitchen,Private room,127.33511586452762,561,3.344028520499109,26657,2.0523351158645275
Manhattan,Hell's Kitchen,Shared room,81.54117647058824,85,1.2823529411764707,1993,2.738470588235294
Manhattan,Inwood,Entire home/apt,110.81176470588235,85,6.08235294117647,1500,0.7397647058823529
Manhattan,Inwood,Private room,66.62931034482759,116,3.7672413793103448,3095,1.0971551724137931
Manhattan,Inwood,Shared room,34.5,2,1.5,95,1.2
Manhattan,Kips Bay,Entire home/apt,211.0593220338983,236,9.440677966101696,4067,1.0925
Manhattan,Kips Bay,Private room,109.5813953488372,86,6.127906976744186,1702,1.0646511627906976
Manhattan,Kips Bay,Shared room,97.4,15,3.6,68,0.47733333333333333
Manhattan,Little Italy,Entire home/apt,222.57894736842104,57,10.24561403508772,1831,1.3270175438596492
Manhattan,Little Italy,Private room,101.15625,32,5.5,929,1.4553125
Manhattan,Little Italy,Shared room,82.5,2,3.0,39,1.1
Manhattan,Lower East Side,Entire home/apt,210.60280373831776,428,5.44392523364486,13350,1.204906542056075
Manhattan,Lower East Side,Private room,137.66319444444446,288,3.576388888888889,10401,1.3596527777777778
Manhattan,Lower East Side,Shared room,52.77272727272727,22,10.5,410,0.5750000000000001
Manhattan,Marble Hill,Entire home/apt,92.25,4,2.0,132,1.4225
Manhattan,Marble Hill,Private room,95.16666666666667,6,2.5,36,0.25833333333333336
Manhattan,Midtown,Entire home/apt,289.852435530086,698,9.093123209169054,13103,1.174484240687679
Manhattan,Midtown,Private room,222.19402985074626,268,2.925373134328358,5955,1.5307462686567164
Manhattan,Midtown,Shared room,98.6,20,1.75,386,1.703
Manhattan,Morningside Heights,Entire home/apt,147.31623931623932,117,5.641025641025641,1136,0.47094017094017093
Manhattan,Morningside Heights,Private room,85.15671641791045,134,3.8582089552238807,3462,1.453134328358209
Manhattan,Morningside Heights,Shared room,70.0,1,3.0,1,0.04
Manhattan,Murray Hill,Entire home/apt,239.33333333333334,249,13.867469879518072,2972,0.9655421686746988
Manhattan,Murray Hill,Private room,125.94444444444444,54,3.962962962962963,1279,1.0874074074074074
Manhattan,Murray Hill,Shared room,178.625,8,2.0,284,1.89
Manhattan,NoHo,Entire home/apt,313.7894736842105,57,6.157894736842105,827,0.8233333333333334
Manhattan,NoHo,Private room,123.6,5,2.8,167,0.558
Manhattan,Nolita,Entire home/apt,301.8167938931298,131,5.068702290076335,3824,1.1386259541984733
Manhattan,Nolita,Private room,116.13888888888889,72,5.027777777777778,1564,0.9518055555555556
Manhattan,Nolita,Shared room,75.0,3,1.0,246,2.2933333333333334
Manhattan,Roosevelt Island,Entire home/apt,235.86666666666667,15,7.333333333333333,242,1.29
Manhattan,Roosevelt Island,Private room,79.95918367346938,49,4.979591836734694,970,1.0314285714285714
Manhattan,Roosevelt Island,Shared room,37.5,2,2.5,2,0.04
Manhattan,SoHo,Entire home/apt,357.453125,192,5.619791666666667,4329,1.0994791666666666
Manhattan,SoHo,Private room,126.96774193548387,93,3.4516129032258065,2842,1.2570967741935484
Manhattan,SoHo,Shared room,147.5,2,1.5,64,0.82
Manhattan,Stuyvesant Town,Entire home/apt,184.375,8,10.25,244,1.9775
Manhattan,Stuyvesant Town,Private room,94.86666666666666,15,5.533333333333333,58,0.6693333333333332
Manhattan,Theater District,Entire home/apt,302.83561643835617,73,13.0,1366,1.1445205479452054
Manhattan,Theater District,Private room,173.83561643835617,73,2.767123287671233,2856,4.015890410958905
Manhattan,Theater District,Shared room,79.0,2,2.0,120,1.605
Manhattan,Tribeca,Entire home/apt,556.0588235294117,85,7.482352941176471,1656,0.845764705882353
Manhattan,Tribeca,Private room,134.72,25,4.16,378,0.7979999999999999
Manhattan,Two Bridges,Entire home/apt,161.14285714285714,21,3.0476190476190474,660,1.7042857142857142
Manhattan,Two Bridges,Private room,101.25641025641026,39,4.076923076923077,1469,2.7676923076923075
Manhattan,Upper East Side,Entire home/apt,192.494,1000,9.347,19814,0.9298500000000001
Manhattan,Upper East Side,Private room,107.91327913279133,369,4.696476964769648,10942,1.4504065040650407
Manhattan,Upper East Side,Shared room,76.30555555555556,36,6.333333333333333,930,1.6280555555555556
Manhattan,Upper West Side,Entire home/apt,235.81303418803418,936,9.313034188034187,18578,0.825405982905983
Manhattan,Upper West Side,Private room,103.47992351816444,523,4.592734225621415,16251,1.2947227533460803
Manhattan,Upper West Side,Shared room,74.73913043478261,23,1.6521739130434783,1229,1.6326086956521737
Manhattan,Washington Heights,Entire home/apt,136.3034188034188,234,6.05982905982906,4425,1.014957264957265
Manhattan,Washington Heights,Private room,63.62098501070664,467,3.7451820128479656,12359,1.325524625267666
Manhattan,Washington Heights,Shared room,55.4,20,1.3,377,1.009
Manhattan,West Village,Entire home/apt,262.22222222222223,522,6.093869731800766,11883,0.9142911877394636
Manhattan,West Village,Private room,179.75294117647059,85,3.8117647058823527,2905,1.139529411764706
Manhattan,West Village,Shared room,180.0,3,1.3333333333333333,97,0.6766666666666667
Queens,Arverne,Entire home/apt,201.02439024390245,41,1.7560975609756098,1290,1.7751219512195122
Queens,Arverne,Private room,88.8,25,1.48,963,1.7564000000000002
Queens,Astoria,Entire home/apt,136.64144736842104,304,5.095394736842105,8406,1.1844078947368422
Queens,Astoria,Private room,97.29015544041451,386,4.455958549222798,10531,1.3290673575129532
Queens,Astoria,Shared room,166.52631578947367,19,4.842105263157895,373,1.4836842105263157
Queens,Bay Terrace,Entire home/apt,186.5,2,3.0,231,2.17
Queens,Bay Terrace,Private room,94.5,2,3.0,12,0.165
Queens,Bay Terrace,Shared room,32.0,1,2.0,6,0.95
Queens,Bayside,Entire home/apt,380.25,12,2.75,401,2.1199999999999997
Queens,Bayside,Private room,50.473684210526315,19,3.8947368421052633,527,2.421578947368421
Queens,Bayswater,Entire home/apt,151.5,4,2.0,67,1.7625
Queens,Bayswater,Private room,58.42857142857143,7,5.571428571428571,124,2.0828571428571427
Queens,Belle Harbor,Entire home/apt,148.5,2,1.5,34,2.51
Queens,Belle Harbor,Private room,178.33333333333334,3,1.6666666666666667,40,1.0666666666666667
Queens,Bellerose,Private room,80.5,8,1.75,118,0.8275
Queens,Breezy Point,Private room,195.0,2,1.0,5,0.21999999999999997
Queens,Briarwood,Entire home/apt,149.2,15,2.1333333333333333,414,1.9786666666666666
Queens,Briarwood,Private room,79.10714285714286,28,1.8214285714285714,821,1.4928571428571427
Queens,Briarwood,Shared room,51.5,2,1.0,12,2.13
Queens,Cambria Heights,Entire home/apt,136.0,3,2.0,160,2.9499999999999997
Queens,Cambria Heights,Private room,71.3076923076923,13,2.230769230769231,325,1.8515384615384616
Queens,College Point,Entire home/apt,128.625,8,2.5,255,3.06625
Queens,College Point,Private room,52.285714285714285,7,3.0,184,1.592857142857143
Queens,Corona,Entire home/apt,120.75,12,2.8333333333333335,494,2.325833333333333
Queens,Corona,Private room,49.375,24,2.5416666666666665,1009,2.441666666666667
Queens,Corona,Shared room,31.52173913043478,23,1.3478260869565217,303,1.3860869565217393
Queens,Ditmars Steinway,Entire home/apt,122.67961165048544,103,4.087378640776699,3795,1.5988349514563107
Queens,Ditmars Steinway,Private room,71.56643356643356,143,3.202797202797203,4042,1.453986013986014
Queens,Ditmars Steinway,Shared room,61.0,2,1.0,15,0.185
Queens,Douglaston,Entire home/apt,134.0,3,3.0,79,1.7166666666666668
Queens,Douglaston,Private room,52.0,5,1.4,88,0.9039999999999999
Queens,East Elmhurst,Entire home/apt,133.0392156862745,51,1.607843137254902,2638,3.9288235294117646
Queens,East Elmhurst,Private room,60.02608695652174,115,1.4608695652173913,12231,5.335652173913044
Queens,East Elmhurst,Shared room,40.2,5,1.0,238,2.152
Queens,Edgemere,Entire home/apt,139.75,4,3.0,32,1.3775
Queens,Edgemere,Private room,49.5,4,15.5,81,1.2374999999999998
Queens,Elmhurst,Entire home/apt,135.16981132075472,53,4.716981132075472,1962,1.970943396226415
Queens,Elmhurst,Private room,60.582089552238806,134,5.58955223880597,3522,1.5414179104477612
Queens,Elmhurst,Shared room,38.0,7,1.1428571428571428,70,1.1257142857142857
Queens,Far Rockaway,Entire home/apt,122.28571428571429,7,2.7142857142857144,83,1.7785714285714285
Queens,Far Rockaway,Private room,49.266666666666666,15,5.533333333333333,291,1.1113333333333335
Queens,Flushing,Entire home/apt,147.67032967032966,91,6.197802197802198,3955,2.345164835164835
Queens,Flushing,Private room,62.833333333333336,264,1.9621212121212122,10845,2.2694318181818183
Queens,Flushing,Shared room,50.875,8,2.0,18,0.91375
Queens,Forest Hills,Entire home/apt,143.6595744680851,47,3.127659574468085,1461,1.4665957446808513
Queens,Forest Hills,Private room,85.1969696969697,66,3.696969696969697,1526,1.060151515151515
Queens,Forest Hills,Shared room,52.142857142857146,7,3.0,223,1.862857142857143
Queens,Fresh Meadows,Entire home/apt,143.0,14,1.5714285714285714,496,2.656428571428571
Queens,Fresh Meadows,Private room,61.375,16,1.1875,549,2.969375
Queens,Glendale,Entire home/apt,133.43478260869566,23,3.0869565217391304,568,2.1404347826086956
Queens,Glendale,Private room,48.82608695652174,23,4.521739130434782,891,2.135217391304348
Queens,Hollis,Entire home/apt,116.66666666666667,3,1.6666666666666667,64,2.3966666666666665
Queens,Hollis,Private room,59.57142857142857,7,2.5714285714285716,100,1.7957142857142858
Queens,Holliswood,Private room,159.0,2,3.0,15,0.41500000000000004
Queens,Howard Beach,Entire home/apt,152.22222222222223,9,5.333333333333333,239,2.3622222222222224
Queens,Howard Beach,Private room,56.333333333333336,6,1.0,33,3.268333333333333
Queens,Jackson Heights,Entire home/apt,124.28846153846153,52,2.8846153846153846,1918,2.0163461538461536
Queens,Jackson Heights,Private room,61.04040404040404,99,4.838383838383838,2989,1.7732323232323233
Queens,Jackson Heights,Shared room,38.22222222222222,9,4.444444444444445,154,1.4300000000000002
Queens,Jamaica,Entire home/apt,125.46376811594203,69,1.6231884057971016,3428,3.6166666666666667
Queens,Jamaica,Private room,65.47863247863248,117,1.6837606837606838,5799,2.7074358974358974
Queens,Jamaica,Shared room,37.833333333333336,6,1.0,683,6.373333333333334
Queens,Jamaica Estates,Entire home/apt,158.63636363636363,11,2.3636363636363638,557,2.969090909090909
Queens,Jamaica Estates,Private room,47.333333333333336,3,1.3333333333333333,39,2.3366666666666664
Queens,Jamaica Hills,Entire home/apt,236.66666666666666,3,1.6666666666666667,23,4.886666666666667
Queens,Jamaica Hills,Private room,61.75,4,1.25,46,2.1375
Queens,Kew Gardens,Entire home/apt,124.83333333333333,6,3.5,23,0.135
Queens,Kew Gardens,Private room,56.5,14,3.5,282,2.204285714285714
Queens,Kew Gardens,Shared room,41.0,3,1.3333333333333333,27,1.1500000000000001
Queens,Kew Gardens Hills,Entire home/apt,113.07142857142857,14,3.857142857142857,283,1.1685714285714286
Queens,Kew Gardens Hills,Private room,59.857142857142854,7,3.0,48,2.2671428571428573
Queens,Laurelton,Entire home/apt,134.25,8,1.625,138,2.74
Queens,Laurelton,Private room,59.625,8,1.625,390,2.20125
Queens,Little Neck,Private room,47.5,2,1.0,18,0.43000000000000005
Queens,Little Neck,Shared room,32.0,1,3.0,1,0.14
Queens,Long Island City,Entire home/apt,162.80769230769232,182,4.1923076923076925,4604,1.3937912087912088
Queens,Long Island City,Private room,78.5201793721973,223,4.237668161434978,7522,1.5791928251121077
Queens,Long Island City,Shared room,153.27272727272728,11,2.5454545454545454,130,0.911818181818182
Queens,Maspeth,Entire home/apt,123.05,40,3.575,1727,2.36675
Queens,Maspeth,Private room,54.925,40,5.875,758,1.6035
Queens,Maspeth,Shared room,40.0,1,1.0,5,2.68
Queens,Middle Village,Entire home/apt,131.3684210526316,19,6.052631578947368,727,1.795263157894737
Queens,Middle Village,Private room,61.333333333333336,9,1.7777777777777777,328,1.9477777777777778
Queens,Neponsit,Entire home/apt,274.6666666666667,3,2.0,46,1.5999999999999999
Queens,Ozone Park,Entire home/apt,108.25,28,3.142857142857143,918,1.8125
Queens,Ozone Park,Private room,55.72222222222222,18,1.8333333333333333,586,2.2894444444444444
Queens,Ozone Park,Shared room,45.0,1,1.0,8,0.11
Queens,Queens Village,Entire home/apt,93.63333333333334,30,1.8333333333333333,1787,4.348
Queens,Queens Village,Private room,54.8421052631579,19,1.4210526315789473,349,1.5836842105263158
Queens,Queens Village,Shared room,41.0,1,1.0,11,0.51
Queens,Rego Park,Entire home/apt,120.51428571428572,35,4.228571428571429,1162,1.6022857142857143
Queens,Rego Park,Private room,55.291666666666664,48,1.7708333333333333,1517,1.66875
Queens,Rego Park,Shared room,45.714285714285715,7,5.571428571428571,75,1.032857142857143
Queens,Richmond Hill,Entire home/apt,139.32142857142858,28,5.25,1187,2.2710714285714286
Queens,Richmond Hill,Private room,57.411764705882355,51,2.196078431372549,2027,2.803921568627451
Queens,Richmond Hill,Shared room,59.0,2,1.0,16,4.07
Queens,Ridgewood,Entire home/apt,127.35922330097087,103,4.961165048543689,3340,1.555631067961165
Queens,Ridgewood,Private room,57.25257731958763,194,5.402061855670103,4418,1.3884536082474228
Queens,Ridgewood,Shared room,32.57142857142857,7,30.285714285714285,20,0.1357142857142857
Queens,Rockaway Beach,Entire home/apt,149.41176470588235,34,3.6470588235294117,1120,1.9485294117647058
Queens,Rockaway Beach,Private room,82.3076923076923,13,3.3846153846153846,238,1.0507692307692307
Queens,Rosedale,Entire home/apt,118.0,16,3.375,463,2.50875
Queens,Rosedale,Private room,58.65714285714286,35,3.7714285714285714,1210,2.758857142857143
Queens,South Ozone Park,Entire home/apt,129.0,14,2.0,989,4.200714285714286
Queens,South Ozone Park,Private room,69.0,18,3.3333333333333335,948,3.3155555555555556
Queens,South Ozone Park,Shared room,30.666666666666668,6,4.666666666666667,10,0.3833333333333333
Queens,Springfield Gardens,Entire home/apt,127.83870967741936,31,2.6129032258064515,2238,4.370322580645161
Queens,Springfield Gardens,Private room,70.52083333333333,48,1.7291666666666667,3619,4.569166666666667
Queens,Springfield Gardens,Shared room,120.0,1,1.0,16,1.62
Queens,St. Albans,Entire home/apt,168.15384615384616,26,2.0384615384615383,844,2.6265384615384617
Queens,St. Albans,Private room,54.81395348837209,43,1.7906976744186047,1740,2.4486046511627904
Queens,Sunnyside,Entire home/apt,121.45370370370371,108,6.537037037037037,2834,1.3025925925925927
Queens,Sunnyside,Private room,64.94610778443113,167,5.826347305389222,4969,1.4665868263473054
Queens,Sunnyside,Shared room,40.63157894736842,19,2.263157894736842,267,1.4921052631578948
Queens,Whitestone,Entire home/apt,263.3333333333333,3,2.0,22,0.6866666666666666
Queens,Whitestone,Private room,46.6,5,1.0,227,4.9
Queens,Woodhaven,Entire home/apt,103.5,14,3.5,493,2.262857142857143
Queens,Woodhaven,Private room,53.535714285714285,56,2.607142857142857,2243,2.215357142857143
Queens,Woodhaven,Shared room,34.5,2,1.0,56,3.59
Queens,Woodside,Entire home/apt,148.2962962962963,54,2.8333333333333335,2649,2.574259259259259
Queens,Woodside,Private room,62.62608695652174,115,10.28695652173913,2378,1.2626086956521738
Queens,Woodside,Shared room,65.0,1,2.0,8,3.04
Staten Island,Arden Heights,Entire home/apt,76.0,3,12.0,24,1.1500000000000001
Staten Island,Arden Heights,Private room,41.0,1,2.0,7,0.71
Staten Island,Arrochar,Entire home/apt,189.7,10,2.0,169,1.3679999999999999
Staten Island,Arrochar,Private room,46.8,10,3.1,138,0.86
Staten Island,"Bay Terrace, Staten Island",Entire home/apt,102.5,2,16.5,3,0.45499999999999996
Staten Island,Bull's Head,Private room,48.0,3,1.0,92,2.4233333333333333
Staten Island,Castleton Corners,Entire home/apt,182.0,2,2.5,101,1.93
Staten Island,Clifton,Entire home/apt,91.25,8,1.75,643,2.9412499999999997
Staten Island,Clifton,Private room,49.666666666666664,3,1.6666666666666667,62,0.5733333333333334
Staten Island,Clifton,Shared room,112.5,2,2.0,3,0.16
Staten Island,Concord,Entire home/apt,142.5,4,3.25,56,1.7175
Staten Island,Concord,Private room,44.94736842105263,19,6.0,591,1.5084210526315789
Staten Island,Concord,Shared room,30.0,1,4.0,1,0.77
Staten Island,Dongan Hills,Entire home/apt,101.25,4,3.0,134,1.6675
Staten Island,Dongan Hills,Private room,50.333333333333336,3,1.0,24,2.6033333333333335
Staten Island,Eltingville,Entire home/apt,70.0,1,5.0,83,2.56
Staten Island,Eltingville,Private room,56.0,1,1.0,145,2.38
Staten Island,Emerson Hill,Entire home/apt,63.5,2,1.5,54,2.775
Staten Island,Emerson Hill,Private room,80.0,1,2.0,2,0.05
Staten Island,Graniteville,Entire home/apt,93.0,2,2.5,43,1.8399999999999999
Staten Island,Graniteville,Private room,20.0,1,3.0,80,0.92
Staten Island,Grant City,Entire home/apt,70.66666666666667,3,3.0,160,2.8966666666666665
Staten Island,Grant City,Private room,30.0,1,7.0,1,1.0
Staten Island,Great Kills,Entire home/apt,92.4,5,19.8,164,1.16
Staten Island,Great Kills,Private room,108.8,5,1.6,100,0.82
Staten Island,Grymes Hill,Entire home/apt,170.0,5,2.2,73,1.414
Staten Island,Grymes Hill,Private room,89.0,1,1.0,1,0.12
Staten Island,Howland Hook,Entire home/apt,100.0,2,3.5,41,0.57
Staten Island,Huguenot,Entire home/apt,118.33333333333333,3,1.6666666666666667,167,3.76
Staten Island,Lighthouse Hill,Entire home/apt,157.5,2,2.0,78,1.165
Staten Island,Mariners Harbor,Entire home/apt,120.0,3,2.6666666666666665,28,1.9133333333333333
Staten Island,Mariners Harbor,Private room,49.25,4,2.5,145,3.3575
Staten Island,Midland Beach,Entire home/apt,103.33333333333333,3,3.3333333333333335,30,1.1500000000000001
Staten Island,Midland Beach,Private room,80.0,1,1.0,7,0.22
Staten Island,New Brighton,Entire home/apt,249.0,1,2.0,8,2.58
Staten Island,New Brighton,Private room,65.0,4,9.25,193,2.375
Staten Island,New Dorp Beach,Private room,38.0,2,1.5,74,5.5
Staten Island,New Springville,Entire home/apt,81.66666666666667,3,1.6666666666666667,112,4.213333333333334
Staten Island,New Springville,Private room,56.666666666666664,3,1.3333333333333333,123,2.0733333333333337
Staten Island,Oakwood,Entire home/apt,115.0,2,1.5,3,0.53
Staten Island,Oakwood,Private room,58.666666666666664,3,1.0,6,0.8366666666666666
Staten Island,Port Richmond,Entire home/apt,250.0,1,30.0,1,0.02
Staten Island,Port Richmond,Private room,48.333333333333336,6,1.1666666666666667,152,1.7666666666666666
Staten Island,Prince's Bay,Entire home/apt,135.0,2,2.0,23,1.885
Staten Island,Randall Manor,Entire home/apt,107.375,8,2.0,234,2.09125
Staten Island,Randall Manor,Private room,51.5,8,3.5,99,0.6125
Staten Island,Randall Manor,Shared room,13.0,1,1.0,9,5.51
Staten Island,Richmondtown,Entire home/apt,78.0,1,3.0,79,2.56
Staten Island,Rosebank,Entire home/apt,132.6,5,2.4,126,4.192
Staten Island,Rosebank,Private room,60.0,2,1.5,89,2.865
Staten Island,Rossville,Entire home/apt,75.0,1,3.0,21,1.69
Staten Island,Shore Acres,Entire home/apt,105.0,3,3.6666666666666665,146,1.4433333333333334
Staten Island,Silver Lake,Entire home/apt,80.0,1,2.0,147,3.19
Staten Island,Silver Lake,Private room,60.0,1,3.0,90,5.49
Staten Island,South Beach,Entire home/apt,275.0,1,4.0,24,0.7
Staten Island,South Beach,Private room,69.83333333333333,6,1.8333333333333333,70,2.1933333333333334
Staten Island,South Beach,Shared room,20.0,1,4.0,1,0.06
Staten Island,St. George,Entire home/apt,124.4,20,2.85,1151,2.3825
Staten Island,St. George,Private room,72.86666666666666,15,2.066666666666667,836,1.564
Staten Island,Stapleton,Entire home/apt,132.375,8,5.25,515,3.3
Staten Island,Stapleton,Private room,61.125,16,1.25,521,1.783125
Staten Island,Todt Hill,Entire home/apt,208.66666666666666,3,6.333333333333333,10,0.5033333333333333
Staten Island,Todt Hill,Private room,50.0,1,2.0,6,2.02
Staten Island,Tompkinsville,Entire home/apt,111.46666666666667,15,2.8,753,2.3486666666666665
Staten Island,Tompkinsville,Private room,56.72,25,2.12,1647,2.1319999999999997
Staten Island,Tottenville,Entire home/apt,160.8,5,2.6,139,1.1460000000000001
Staten Island,West Brighton,Entire home/apt,92.25,4,1.75,304,1.815
Staten Island,West Brighton,Private room,57.583333333333336,12,6.666666666666667,352,1.32
Staten Island,Westerleigh,Entire home/apt,103.0,1,3.0,1,0.09
Staten Island,Westerleigh,Private room,40.0,1,2.0,17,0.92
Staten Island,Willowbrook,Entire home/apt,249.0,1,4.0,9,0.8
